{"classes": [0, 1], "feature_log_prob": [[-10.193691442531419, -3.466259717680564, -3.466259717680564, -10.193691442531419, -3.466259717680564, -3.466259717680564, -3.466259717680564, -10.193691442531419, -2.7737115188695842, -10.193691442531419, -3.466259717680564, -10.193691442531419, -3.466259717680564, -3.466259717680564, -3.466259717680564, -10.193691442531419, -10.193691442531419, -10.193691442531419, -10.193691442531419, -10.193691442531419, -3.466259717680564, -10.193691442531419, -3.466259717680564, -10.193691442531419, -10.193691442531419, -3.466259717680564, -3.466259717680564, -3.466259717680564, -3.466259717680564, -3.466259717680564, -10.193691442531419, -10.193691442531419, -3.466259717680564, -3.466259717680564, -10.193691442531419, -10.193691442531419, -3.466259717680564, -3.466259717680564, -3.466259717680564, -3.466259717680564, -10.193691442531419, -3.466259717680564, -3.466259717680564, -10.193691442531419, -3.466259717680564, -1.8577803483344741], [-2.615904538823904, -3.7137181054048236, -10.441149830255679, -3.021169906593844, -10.441149830255679, -10.441149830255679, -10.441149830255679, -3.7137181054048236, -3.7137181054048236, -3.7137181054048236, -10.441149830255679, -3.7137181054048236, -3.021169906593844, -3.7137181054048236, -10.441149830255679, -3.7137181054048236, -3.7137181054048236, -3.7137181054048236, -3.7137181054048236, -3.7137181054048236, -10.441149830255679, -3.7137181054048236, -10.441149830255679, -3.7137181054048236, -3.7137181054048236, -2.615904538823904, -10.441149830255679, -10.441149830255679, -10.441149830255679, -10.441149830255679, -3.021169906593844, -3.7137181054048236, -10.441149830255679, -10.441149830255679, -3.021169906593844, -3.021169906593844, -10.441149830255679, -10.441149830255679, -10.441149830255679, -3.7137181054048236, -3.7137181054048236, -10.441149830255679, -10.441149830255679, -2.615904538823904, -2.3283223515043048, -3.7137181054048236]], "class_log_prior": [-0.6931471805599454, -0.6931471805599454], "vocabulary": {"happy": 12, "birthday": 2, "have": 13, "wonderful": 42, "day": 5, "congratulations": 4, "on": 26, "your": 45, "promotion": 29, "good": 10, "luck": 22, "with": 41, "upcoming": 36, "presentation": 27, "wishing": 40, "you": 44, "joyful": 19, "holiday": 15, "season": 30, "hope": 17, "magical": 23, "christmas": 3, "holidays": 16, "to": 35, "and": 0, "family": 7, "looking": 21, "forward": 9, "seeing": 31, "in": 18, "the": 34, "new": 25, "year": 43, "merry": 24, "best": 1, "wishes": 39, "for": 8, "project": 28, "enjoy": 6, "summer": 32, "vacation": 37, "thank": 33, "help": 14, "last": 20, "week": 38, "greetings": 11}}